EMD_NM,EMD_CD,CARD
가락동,11710107,3205
가리봉동,11530103,471
가산동,11545101,5397
가양동,11500104,1911
가회동,11110146,573
갈월동,11170104,3540
갈현동,11380104,2208
강일동,11740110,729
개봉동,11530107,3259
개포동,11680103,734
개화동,11500110,0
거여동,11710113,1703
견지동,11110129,0
경운동,11110134,0
계동,11110148,0
고덕동,11740102,827
고척동,11530106,2058
공덕동,11440102,1599
공릉동,11350103,5886
공평동,11110127,0
공항동,11500108,3749
과해동,11500111,0
관수동,11110155,0
관철동,11110135,0
관훈동,11110128,0
광장동,11215104,1788
광희동1가,11140145,3971
광희동2가,11140146,0
교남동,11110176,0
교북동,11110180,0
구기동,11110182,0
구로동,11530102,4068
구산동,11380105,1161
구수동,11440113,0
구의동,11215103,3630
군자동,11215109,2270
궁동,11530109,1169
궁정동,11110103,747
권농동,11110131,0
금호동1가,11200109,656
금호동2가,11200110,1217
금호동3가,11200111,0
금호동4가,11200112,798
길동,11740105,5828
길음동,11290134,3929
낙원동,11110137,0
남가좌동,11410120,1547
남대문로1가,11140106,0
남대문로2가,11140115,0
남대문로3가,11140116,0
남대문로4가,11140117,0
남대문로5가,11140118,0
남산동1가,11140128,0
남산동2가,11140129,6745
남산동3가,11140130,0
남영동,11170105,0
남창동,11140112,0
남학동,11140140,0
남현동,11620103,2084
내곡동,11650109,0
내발산동,11500106,3628
내수동,11110118,0
내자동,11110114,0
냉천동,11410105,0
노고산동,11440110,0
노량진동,11590101,3805
녹번동,11380102,2482
논현동,11680108,6389
누상동,11110109,0
누하동,11110110,0
능동,11215102,2237
다동,11140102,0
답십리동,11230105,1979
당산동,11560117,0
당산동1가,11560111,0
당산동2가,11560112,0
당산동3가,11560113,5677
당산동4가,11560114,3058
당산동5가,11560115,0
당산동6가,11560116,0
당인동,11440118,0
당주동,11110117,0
대림동,11560133,2290
대방동,11590108,3380
대신동,11410113,0
대조동,11380106,4446
대치동,11680106,3222
대현동,11410112,0
대흥동,11440108,0
도곡동,11680118,646
도렴동,11110116,0
도림동,11560118,1521
도봉동,11320108,2057
도선동,11200104,2147
도원동,11170120,0
도화동,11440104,1557
독산동,11545102,1111
돈암동,11290103,2901
돈의동,11110153,0
동교동,11440121,0
동빙고동,11170132,0
동선동1가,11290116,0
동선동2가,11290117,0
동선동3가,11290118,0
동선동4가,11290119,0
동선동5가,11290120,0
동소문동1가,11290104,0
동소문동2가,11290105,0
동소문동3가,11290106,0
동소문동4가,11290107,0
동소문동5가,11290108,0
동소문동6가,11290109,0
동소문동7가,11290110,0
동숭동,11110168,0
동자동,11170107,0
동작동,11590106,0
둔촌동,11740106,3102
등촌동,11500102,6076
마곡동,11500105,0
마장동,11200105,4062
마천동,11710114,2651
마포동,11440107,0
만리동1가,11140173,0
만리동2가,11140174,0
망우동,11260105,5160
망원동,11440123,1645
면목동,11260101,2734
명동1가,11140126,0
명동2가,11140127,0
명륜1가,11110170,0
명륜2가,11110171,0
명륜3가,11110173,0
명륜4가,11110172,0
명일동,11740101,1800
목동,11470102,2518
묘동,11110151,0
무교동,11140101,0
무악동,11110187,490
무학동,11140164,0
묵동,11260104,1854
묵정동,11140136,0
문래동1가,11560119,0
문래동2가,11560120,0
문래동3가,11560121,5748
문래동4가,11560122,0
문래동5가,11560123,0
문래동6가,11560124,0
문배동,11170122,1344
문정동,11710108,2355
미근동,11410104,0
미아동,11305101,1101
반포동,11650107,6688
방배동,11650101,1958
방산동,11140153,0
방이동,11710111,1186
방학동,11320106,1185
방화동,11500109,1067
번동,11305102,1500
보광동,11170136,747
보문동1가,11290130,0
보문동2가,11290131,0
보문동3가,11290132,0
보문동4가,11290126,0
보문동5가,11290127,0
보문동6가,11290128,0
보문동7가,11290129,1116
본동,11590104,0
봉래동1가,11140119,0
봉래동2가,11140120,0
봉원동,11410115,0
봉익동,11110152,0
봉천동,11620101,3956
부암동,11110184,484
북가좌동,11410119,1893
북아현동,11410110,597
북창동,11140113,4764
불광동,11380103,1556
사간동,11110144,0
사근동,11200106,2130
사당동,11590107,392
사직동,11110115,3421
산림동,11140157,0
산천동,11170115,730
삼각동,11140107,0
삼선동1가,11290111,0
삼선동2가,11290112,0
삼선동3가,11290113,0
삼선동4가,11290114,0
삼선동5가,11290115,0
삼성동,11680105,1947
삼전동,11710106,2511
삼청동,11110140,1054
상계동,11350105,4765
상도1동,11590103,0
상도동,11590102,1297
상봉동,11260102,4294
상수동,11440115,0
상암동,11440127,2592
상왕십리동,11200101,0
상월곡동,11290137,0
상일동,11740103,1640
서계동,11170108,0
서교동,11440120,10064
서린동,11110123,0
서빙고동,11170133,476
서소문동,11140166,0
서초동,11650108,2397
석관동,11290139,2814
석촌동,11710105,1767
성내동,11740108,3480
성북동,11290101,1996
성북동1가,11290102,0
성산동,11440125,4875
성수동1가,11200114,2379
성수동2가,11200115,3540
세곡동,11680111,1513
세종로,11110119,0
소격동,11110142,0
소공동,11140111,0
송월동,11110178,0
송정동,11200118,0
송파동,11710104,1023
송현동,11110145,0
수색동,11380101,1003
수서동,11680115,0
수송동,11110124,0
수유동,11305103,1898
수표동,11140110,0
수하동,11140108,0
순화동,11140168,0
숭인동,11110175,1463
시흥동,11545103,1549
신계동,11170123,0
신공덕동,11440103,0
신교동,11110102,0
신길동,11560132,1191
신내동,11260106,1878
신당동,11140162,718
신대방동,11590109,3818
신도림동,11530101,2728
신림동,11620102,2342
신문로1가,11110120,0
신문로2가,11110121,0
신사동(은평구),11380109,835
신사동(강남구),11680107,0
신설동,11230101,5498
신수동,11440111,1099
신영동,11110186,0
신원동,11650111,558
신월동,11470103,1741
신정동,11440117,0
신정동(양천구),11470101,5291
신창동,11170114,0
신천동,11710102,0
신촌동,11410114,6323
쌍림동,11140147,0
쌍문동,11320105,569
아현동,11440101,2141
안국동,11110141,0
안암동1가,11290121,0
안암동2가,11290122,2574
안암동3가,11290123,0
안암동4가,11290124,0
안암동5가,11290125,0
암사동,11740107,2283
압구정동,11680110,2568
양재동,11650102,4726
양평동,11560134,0
양평동1가,11560125,2084
양평동2가,11560126,0
양평동3가,11560127,0
양평동4가,11560128,0
양평동5가,11560129,0
양평동6가,11560130,0
양화동,11560131,0
여의도동,11560110,5977
역삼동,11680101,5618
역촌동,11380108,3712
연건동,11110166,0
연남동,11440124,1144
연지동,11110160,0
연희동,11410117,2406
염곡동,11650110,0
염리동,11440109,0
염창동,11500101,3224
영등포동,11560101,7934
영등포동1가,11560102,0
영등포동2가,11560103,0
영등포동3가,11560104,0
영등포동4가,11560105,0
영등포동5가,11560106,0
영등포동6가,11560107,0
영등포동7가,11560108,0
영등포동8가,11560109,0
영천동,11410108,0
예관동,11140135,0
예장동,11140142,0
예지동,11110158,0
오곡동,11500112,0
오금동,11710112,3114
오류동,11530108,1655
오쇠동,11500113,0
오장동,11140154,0
옥수동,11200113,738
옥인동,11110111,0
옥천동,11410107,0
온수동,11530110,0
와룡동,11110130,0
외발산동,11500107,0
용강동,11440105,2240
용답동,11200122,2206
용두동,11230102,0
용문동,11170121,826
용산동1가,11170106,0
용산동2가,11170102,724
용산동3가,11170126,0
용산동4가,11170103,0
용산동5가,11170127,0
용산동6가,11170135,0
우면동,11650103,0
우이동,11305104,2544
운니동,11110132,0
원남동,11110159,0
원서동,11110149,0
원지동,11650104,0
원효로1가,11170112,0
원효로2가,11170113,0
원효로3가,11170117,0
원효로4가,11170118,0
월계동,11350102,1966
율현동,11680113,0
을지로1가,11140104,0
을지로2가,11140105,0
을지로3가,11140155,2484
을지로4가,11140150,0
을지로5가,11140151,0
을지로6가,11140148,0
을지로7가,11140149,0
응봉동,11200108,198
응암동,11380107,3118
의주로1가,11140169,0
의주로2가,11140172,0
이문동,11230110,807
이촌동,11170129,184
이태원동,11170130,767
이화동,11110165,4091
익선동,11110133,11940
인사동,11110136,0
인의동,11110157,0
인현동1가,11140160,0
인현동2가,11140134,0
일원동,11680114,1194
입정동,11140156,0
자곡동,11680112,0
자양동,11215105,2609
잠실동,11710101,3581
잠원동,11650106,1582
장교동,11140109,0
장사동,11110154,0
장안동,11230106,3893
장위동,11290138,1448
장지동,11710109,0
장충동1가,11140143,1080
장충동2가,11140144,0
재동,11110147,0
저동1가,11140131,0
저동2가,11140161,0
적선동,11110107,0
전농동,11230104,1167
정동,11140167,0
정릉동,11290133,1425
제기동,11230103,4075
종로1가,11110126,0
종로2가,11110138,0
종로3가,11110156,0
종로4가,11110161,0
종로5가,11110163,0
종로6가,11110164,0
종암동,11290135,2386
주교동,11140152,0
주성동,11170134,0
주자동,11140141,0
중계동,11350106,3545
중곡동,11215101,1834
중동,11440126,0
중림동,11140171,945
중학동,11110125,0
중화동,11260103,3431
증산동,11380110,919
진관동,11380114,2414
창동,11320107,3458
창성동,11110105,0
창신동,11110174,231
창전동,11440114,1516
창천동,11410116,0
천연동,11410106,934
천왕동,11530111,0
천호동,11740109,6409
청담동,11680104,2599
청량리동,11230107,2712
청암동,11170116,0
청운동,11110101,0
청진동,11110122,0
청파동1가,11170109,0
청파동2가,11170110,1455
청파동3가,11170111,0
체부동,11110112,0
초동,11140159,0
충무로1가,11140124,0
충무로2가,11140125,0
충무로3가,11140158,0
충무로4가,11140132,0
충무로5가,11140133,0
충신동,11110167,0
충정로1가,11140170,0
충정로2가,11410101,0
충정로3가,11410102,0
태평로1가,11140103,0
태평로2가,11140114,0
토정동,11440106,0
통의동,11110106,0
통인동,11110108,0
팔판동,11110139,0
평동,11110177,0
평창동,11110183,2372
풍납동,11710103,4557
필동1가,11140137,0
필동2가,11140138,1865
필동3가,11140139,0
필운동,11110113,0
하계동,11350104,445
하왕십리동,11200102,754
하월곡동,11290136,2680
하중동,11440116,0
한강로1가,11170124,0
한강로2가,11170125,5831
한강로3가,11170128,0
한남동,11170131,2210
합동,11410103,0
합정동,11440122,1919
항동,11530112,0
행당동,11200107,865
행촌동,11110181,0
현석동,11440112,0
현저동,11410109,0
혜화동,11110169,2503
홍은동,11410118,1881
홍익동,11200103,0
홍제동,11410111,760
홍지동,11110185,0
홍파동,11110179,0
화곡동,11500103,2830
화동,11110143,0
화양동,11215107,4833
황학동,11140165,4764
회기동,11230108,2230
회현동1가,11140121,0
회현동2가,11140122,0
회현동3가,11140123,0
효자동,11110104,0
효제동,11110162,4206
효창동,11170119,457
후암동,11170101,716
훈정동,11110150,0
휘경동,11230109,1386
흑석동,11590105,2740
흥인동,11140163,0
